subsystem,campaign
Acoustics and Audio,Handhelds
Antenna,Handhelds
Battery and Interconnect,Handhelds
Camera,Handhelds
Connectors and Flex Plating,Handhelds
Cradles and Interconnect,Handhelds
Display,Handhelds
GPS,Handhelds
Health Care,Handhelds
Housing,Handhelds
Keypad,Handhelds
Labels and Regulatory,Handhelds
PCB Design and Components,Handhelds
Power Supplies,Handhelds
Scanner and imager,Handhelds
"Soft Goods, Straps and Stylus",Handhelds
Switch,Handhelds
Touch Panel,Handhelds
Trigger,Handhelds
Ultrasonic Welding,Handhelds
USB,Handhelds
Vehicle and Cable Adapter,Handhelds
"VHB, Fasteners and Adhesives",Handhelds
WiFi,Handhelds
Acoustics and Audio,Wearables
Antenna,Wearables
Battery and Interconnect,Wearables
Camera,Wearables
Connectors and Flex Plating,Wearables
Cradles and Interconnect,Wearables
Display,Wearables
GPS,Wearables
Health Care,Wearables
Housing,Wearables
Keypad,Wearables
Labels and Regulatory,Wearables
PCB Design and Components,Wearables
Power Supplies,Wearables
Scanner and imager,Wearables
"Soft Goods, Straps and Stylus",Wearables
Switch,Wearables
Touch Panel,Wearables
Trigger,Wearables
Ultrasonic Welding,Wearables
USB,Wearables
Vehicle and Cable Adapter,Wearables
"VHB, Fasteners and Adhesives",Wearables
WiFi,Wearables
Acoustics and Audio,Tablets
Antenna,Tablets
Battery and Interconnect,Tablets
Camera,Tablets
Connectors and Flex Plating,Tablets
Cradles and Interconnect,Tablets
Display,Tablets
GPS,Tablets
Health Care,Tablets
Housing,Tablets
Keypad,Tablets
Labels and Regulatory,Tablets
PCB Design and Components,Tablets
Power Supplies,Tablets
Scanner and imager,Tablets
"Soft Goods, Straps and Stylus",Tablets
Switch,Tablets
Touch Panel,Tablets
Trigger,Tablets
Ultrasonic Welding,Tablets
USB,Tablets
Vehicle and Cable Adapter,Tablets
"VHB, Fasteners and Adhesives",Tablets
WiFi,Tablets
Acoustics and Audio,POS
Antenna,POS
Battery and Interconnect,POS
Camera,POS
Connectors and Flex Plating,POS
Cradles and Interconnect,POS
Display,POS
GPS,POS
Health Care,POS
Housing,POS
Keypad,POS
Labels and Regulatory,POS
PCB Design and Components,POS
Power Supplies,POS
Scanner and imager,POS
"Soft Goods, Straps and Stylus",POS
Switch,POS
Touch Panel,POS
Trigger,POS
Ultrasonic Welding,POS
USB,POS
Vehicle and Cable Adapter,POS
"VHB, Fasteners and Adhesives",POS
WiFi,POS
Acoustics and Audio,Scan Engines
Antenna,Scan Engines
Battery and Interconnect,Scan Engines
Camera,Scan Engines
Connectors and Flex Plating,Scan Engines
Cradles and Interconnect,Scan Engines
Display,Scan Engines
GPS,Scan Engines
Health Care,Scan Engines
Housing,Scan Engines
Keypad,Scan Engines
Labels and Regulatory,Scan Engines
PCB Design and Components,Scan Engines
Power Supplies,Scan Engines
Scanner and imager,Scan Engines
"Soft Goods, Straps and Stylus",Scan Engines
Switch,Scan Engines
Touch Panel,Scan Engines
Trigger,Scan Engines
Ultrasonic Welding,Scan Engines
USB,Scan Engines
Vehicle and Cable Adapter,Scan Engines
"VHB, Fasteners and Adhesives",Scan Engines
WiFi,Scan Engines
Acoustics and Audio,Machine Vision
Antenna,Machine Vision
Battery and Interconnect,Machine Vision
Camera,Machine Vision
Connectors and Flex Plating,Machine Vision
Cradles and Interconnect,Machine Vision
Display,Machine Vision
GPS,Machine Vision
Health Care,Machine Vision
Housing,Machine Vision
Keypad,Machine Vision
Labels and Regulatory,Machine Vision
PCB Design and Components,Machine Vision
Power Supplies,Machine Vision
Scanner and imager,Machine Vision
"Soft Goods, Straps and Stylus",Machine Vision
Switch,Machine Vision
Touch Panel,Machine Vision
Trigger,Machine Vision
Ultrasonic Welding,Machine Vision
USB,Machine Vision
Vehicle and Cable Adapter,Machine Vision
"VHB, Fasteners and Adhesives",Machine Vision
WiFi,Machine Vision
